group_id,group_type,sst_bin,omega_bin,n_samples,n_raw_profiles_total,mean_profiles_per_sample,median_profiles_per_sample,min_profiles_per_sample,max_profiles_per_sample,mean_sst,median_sst,mean_of_sample_median_sst,mean_omega,median_omega,mean_of_sample_median_omega,mean_olr,median_olr,mean_of_sample_median_olr,mean_dlnq,median_dlnq,p10_dlnq,p25_dlnq,p75_dlnq,p90_dlnq,mean_sample_dlnq_median,median_sample_dlnq_median,mean_q_uut,median_q_uut,mean_q_lut,median_q_lut,lat_min,lat_max,lon_min,lon_max,dominant_olr_bin_mode,olr_fraction_source,n_olr_total,frac_dominant_olr_deep_convective,frac_olr_deep_convective,n_olr_deep_convective,raw_frac_olr_deep_convective,frac_dominant_olr_convective_high_cloud,frac_olr_convective_high_cloud,n_olr_convective_high_cloud,raw_frac_olr_convective_high_cloud,frac_dominant_olr_transition,frac_olr_transition,n_olr_transition,raw_frac_olr_transition,frac_dominant_olr_clear_sky,frac_olr_clear_sky,n_olr_clear_sky,raw_frac_olr_clear_sky,frac_olr_other_or_unexpected,frac_dominant_olr_other_or_unexpected
0,sst_only,sst_287_295,ALL,476,99790,209.64285714285714,43.5,1.0,2121.0,294.08290357939154,294.37387883385946,294.138321660146,0.0027475263591868774,0.0004955157746461531,0.0036989612975931404,275.083594627777,277.465475762546,276.9202495863458,-1.5374417562339016,-1.460857331752777,-2.1685796976089478,-1.8156782388687134,-1.240008533000946,-1.083406925201416,-1.6076136731695259,-1.5716677904129028,3.140580113860106e-05,3.057846151932608e-05,0.00019854497395117352,0.00017634365940466523,-17.5,17.5,-142.5,147.5,clear_sky,within_sample_fractions,99790,0.008403361344537815,0.022367297790651046,891,0.008928750375789158,0.0063025210084033615,0.022594005435866208,1580,0.015833249824631728,0.0021008403361344537,0.023707200768520516,1968,0.019721414971440025,0.9831932773109243,0.9313314960049622,95351,0.9555165848281391,0.0,0.0
1,sst_only,sst_295_299,ALL,1861,606595,325.951101558302,162.0,1.0,2129.0,298.1322184463059,298.3741402041878,298.195722937648,-0.0014795762335313475,0.00023120985333829127,0.0011196792947514914,275.8834856210142,278.66131502516726,279.4473120204099,-1.5643013597149271,-1.5470523834228516,-2.037752389907837,-1.7818903923034668,-1.3139724731445312,-1.1320545673370361,-1.657607802380555,-1.672731637954712,3.4309093665765986e-05,3.341500632814132e-05,0.00022797255186609867,0.00020625832257792354,-17.5,17.5,-177.5,177.5,clear_sky,within_sample_fractions,606595,0.015045674368619023,0.037421423505501226,17010,0.028041774165629457,0.006448146157979581,0.04033260484464629,17421,0.0287193267336526,0.004298764105319721,0.03486552797241852,15604,0.025723917935360496,0.9742074153680816,0.887380443677434,556560,0.9175149811653575,0.0,0.0
2,sst_only,sst_299_300,ALL,2147,435509,202.84536562645553,164.0,1.0,1235.0,299.574635039306,299.5433883174773,299.59070839813046,-0.005056804870756276,0.000140587611854749,0.00016720070582584967,272.438849383635,275.84466899525034,277.1128450508278,-1.6065512821919832,-1.591894268989563,-2.049045372009277,-1.8335986137390137,-1.3693889379501343,-1.1971621990203858,-1.7183720355278247,-1.7277178764343262,3.8546892419104936e-05,3.7457506550708786e-05,0.00027688716321520445,0.00024949084036052227,-17.5,17.5,-177.5,177.5,clear_sky,within_sample_fractions,435509,0.0312063344201211,0.06156470409896148,19818,0.04550537417137189,0.008383791336748951,0.05669595821171726,20776,0.04770509909094875,0.0037261294829995344,0.045949719728209826,17148,0.03937461682766602,0.9566837447601304,0.8357896179611115,377767,0.8674149099100134,0.0,0.0
3,sst_only,sst_300_301,ALL,2338,616041,263.49059024807525,219.5,1.0,1311.0,300.5408263705581,300.5192373451566,300.55007055460436,-0.012920018939519483,0.00013149531000474407,-0.0013738560981356271,265.11857703686417,268.87862207323894,271.426806192912,-1.7139503667632976,-1.700545847415924,-2.1060808181762694,-1.9218165874481201,-1.5042158961296082,-1.322089886665344,-1.8388021712289395,-1.8490378260612488,4.29759641642848e-05,4.229945807310287e-05,0.0003406260031999698,0.0003169407573295757,-17.5,17.5,-177.5,177.5,clear_sky,within_sample_fractions,616041,0.058169375534645,0.1109079301294146,60351,0.0979658821409614,0.00213857998289136,0.07944040010064629,47875,0.0777139833225386,0.0025662959794696323,0.057882011597771024,34783,0.05646215105812762,0.937125748502994,0.7517696581721681,473032,0.7678579834783724,0.0,0.0
4,sst_only,sst_301_302,ALL,2314,761126,328.92221261884185,272.5,1.0,1403.0,301.4906308774287,301.5014438156121,301.48952068701425,-0.020411777601583764,0.00016716505594017555,-0.005144820185408621,255.26319444692848,257.0667725027406,262.3619019517429,-1.8382107954449765,-1.8473715782165527,-2.169997453689575,-2.0269095301628113,-1.6712839603424072,-1.4930350780487058,-1.9577139634043366,-1.974214792251587,4.821078875800771e-05,4.8140551371034235e-05,0.0004257164075898205,0.0004188427119515836,-17.5,17.5,-177.5,177.5,clear_sky,within_sample_fractions,761126,0.11840968020743302,0.1825054743780138,159390,0.20941342169364863,0.000432152117545376,0.10491378553887518,85592,0.11245444249703729,0.0012964563526361278,0.06782348745545003,53556,0.07036417097826116,0.8798617113223854,0.6447572526276609,462588,0.6077679648310529,0.0,0.0
5,sst_only,sst_302_303,ALL,2174,697649,320.9057037718491,198.0,1.0,1802.0,302.392007319028,302.4068956783622,302.3694384451184,-0.023158054633192583,8.511552433981636e-05,-0.006606678784019466,248.2487826160507,248.67907467181865,254.9855368332569,-1.9494398346662576,-1.9751399159431458,-2.2163880109786986,-2.1124547123908997,-1.829688549041748,-1.6635955214500426,-2.031347300706512,-2.063890218734741,5.274943531343576e-05,5.269866051094141e-05,0.0005005800415312735,0.0004998150980100036,-17.5,17.5,-177.5,177.5,clear_sky,within_sample_fractions,697649,0.17571297148114076,0.22900767869007424,217206,0.3113399431519288,0.00827966881324747,0.12244758268966134,96534,0.13837044129641124,0.004599816007359705,0.07655495672214896,54760,0.07849219306556736,0.8114075436982521,0.5719897818981154,329149,0.4717974224860926,0.0,0.0
6,sst_only,sst_303_305,ALL,1697,239386,141.06423099587508,70.0,1.0,1528.0,303.30628365874526,303.28731214735245,303.25991715187877,-0.022830242908800324,0.00021434259854269326,-0.007976247499228354,248.32807408904245,248.34659793207555,254.52449295502518,-1.971554339817809,-2.0093348026275635,-2.255945158004761,-2.1465847492218018,-1.8493356704711914,-1.592726755142212,-2.0347088390207233,-2.073659896850586,5.626924773504452e-05,5.629104271065444e-05,0.0005364644071182167,0.000541207380592823,-17.5,17.5,-177.5,177.5,clear_sky,within_sample_fractions,239386,0.17972893341190335,0.2197925091296823,69665,0.2910153475976039,0.018267530936947555,0.1281488200547697,34114,0.1425062451438263,0.014142604596346494,0.08231113442647435,19857,0.08294971301579875,0.7878609310548026,0.5697475363890737,115750,0.48352869424277106,0.0,0.0
7,sst_only,sst_305_307,ALL,67,968,14.447761194029852,3.0,1.0,159.0,305.2731634643803,305.224609375,305.24644288020346,0.008012353030283165,0.006884440779685974,0.013343836397949933,266.02888237329233,274.0758580525716,268.1702275062675,-1.7794144300382528,-1.7982832193374634,-2.421155261993408,-2.1517388820648193,-1.439324676990509,-1.2286436319351197,-1.8396261561272749,-1.8501405715942383,5.824117721855526e-05,5.626928395940922e-05,0.00046551202834039097,0.00038194406079128385,-17.5,17.5,37.5,142.5,clear_sky,within_sample_fractions,968,0.11940298507462686,0.1389832922470703,66,0.06818181818181818,0.05970149253731343,0.06379120101180064,51,0.05268595041322314,0.04477611940298507,0.06380979338481384,61,0.06301652892561983,0.7761194029850746,0.7334157133563153,790,0.8161157024793388,0.0,0.0
8,sst_by_omega,sst_287_295,neutral,89,11505,129.26966292134833,34.0,1.0,534.0,294.05428775135624,294.3319396972656,294.11310688833174,0.0006844012366481838,0.00034790454454034636,0.0009150321572091792,276.82752543383475,277.7294921875,278.1070596930686,-1.5478170480620994,-1.4091274738311768,-2.232164716720581,-1.8200606107711792,-1.2441036701202393,-1.0660970687866211,-1.6285090312529147,-1.5500880479812622,2.9931922643994807e-05,3.060149902012199e-05,0.00018940596053428462,0.0001617204543435946,-17.5,17.5,-142.5,142.5,clear_sky,within_sample_fractions,11505,0.0,0.011096149248327709,52,0.004519774011299435,0.0,0.01434183331481846,127,0.011038678835289004,0.0,0.019866768440420318,216,0.01877444589308996,1.0,0.9546952489964334,11110,0.9656671012603216,1.1102230246251565e-16,0.0
9,sst_by_omega,sst_287_295,strong_ascent,91,13921,152.97802197802199,41.0,1.0,756.0,294.04922361284775,294.35850830078124,294.09372166224887,-0.09761228558471148,-0.09237765426926543,-0.08299609281859555,271.4839023473772,275.9311910671658,274.0907505580357,-1.5995795792275733,-1.5464146137237549,-2.19193434715271,-1.941776990890503,-1.347819209098816,-1.1827352046966553,-1.6621638726402115,-1.6419346332550049,3.243454512402832e-05,3.0902272555977106e-05,0.00021297722672058555,0.00018092631944455206,-17.5,17.5,-142.5,142.5,clear_sky,within_sample_fractions,13921,0.02197802197802198,0.04627985431538441,304,0.021837511673011997,0.0,0.025659209130625086,407,0.02923640543064435,0.0,0.02665717427172121,445,0.03196609438977085,0.978021978021978,0.9014037622822693,12765,0.9169599885065728,0.0,0.0
10,sst_by_omega,sst_287_295,strong_subsidence,103,33005,320.43689320388347,55.0,1.0,2121.0,294.1198328895549,294.41566249302457,294.1749172766232,0.09650548855166804,0.09359864372055272,0.08764166328875185,273.8123111464542,276.99393202463784,275.64782144490954,-1.5677225395530752,-1.458267331123352,-2.2565433979034424,-1.8258581161499023,-1.2292304039001465,-1.118078088760376,-1.6195810804306303,-1.5704041719436646,3.068754317919052e-05,3.000986180268228e-05,0.00019418814667253033,0.00018233955779578537,-17.5,17.5,-142.5,142.5,clear_sky,within_sample_fractions,33005,0.009708737864077669,0.024656783545599328,295,0.008938039690955916,0.019417475728155338,0.03283403300546235,512,0.015512801090743827,0.009708737864077669,0.022829290091299057,600,0.01817906377821542,0.9611650485436893,0.9196798933576393,31598,0.9573700954400849,0.0,0.0
11,sst_by_omega,sst_287_295,weak_ascent,95,16995,178.89473684210526,45.0,1.0,794.0,294.0776737059494,294.38582284109935,294.13971509431536,-0.028154257134447132,-0.028164333353439968,-0.027641506198989717,275.70549693312216,277.5061600407943,277.24287526983966,-1.540506105879812,-1.507481336593628,-2.1370785236358643,-1.8067312240600586,-1.2613641023635864,-1.1271119832992549,-1.6178580261080673,-1.6356847286224365,3.1896160822055354e-05,3.0763774702791125e-05,0.00021285154363891035,0.00017276901053264737,-17.5,17.5,-142.5,147.5,clear_sky,within_sample_fractions,16995,0.010526315789473684,0.01979971309842651,116,0.006825536922624301,0.010526315789473684,0.022862336329404855,257,0.01512209473374522,0.0,0.02289939876258284,328,0.01929979405707561,0.9789473684210527,0.9344385518095858,16294,0.9587525742865549,0.0,0.0
12,sst_by_omega,sst_287_295,weak_subsidence,98,24364,248.6122448979592,56.5,1.0,1286.0,294.1064219945016,294.4264148530506,294.1628215556242,0.02922671359255793,0.029342177254847942,0.028885346248137708,277.575672539468,277.7858058462989,279.49442275689574,-1.4355236259954316,-1.4123526811599731,-2.014746570587158,-1.7305866181850433,-1.21498641371727,-0.9716166794300081,-1.5154747803296362,-1.4930029511451721,3.206861627367456e-05,3.0713701562490314e-05,0.00018415381355782524,0.00016498428885824978,-17.5,17.5,-137.5,142.5,clear_sky,within_sample_fractions,24364,0.0,0.01048151298981125,124,0.0050894762764734855,0.0,0.016219469803168445,277,0.011369233295025448,0.0,0.02616145463308729,379,0.015555737974060088,1.0,0.9471375625739328,23584,0.967985552454441,2.220446049250313e-16,0.0
13,sst_by_omega,sst_295_299,neutral,370,71374,192.9027027027027,92.5,1.0,986.0,298.1315952591205,298.37016429522305,298.192166632575,0.00021920109896140865,0.0001976449873602119,0.00023476152987252528,277.1089127617003,279.9475149511505,280.0935768952241,-1.5283521888626588,-1.5290629863739014,-1.977952742576599,-1.725392460823059,-1.2875485718250275,-1.1273283958435059,-1.6220409193957175,-1.660186767578125,3.4645461166931185e-05,3.344436663610395e-05,0.00022228256254763708,0.00020067754667252302,-17.5,17.5,-177.5,177.5,clear_sky,within_sample_fractions,71374,0.01891891891891892,0.030179686937038257,1130,0.015832095721130944,0.013513513513513514,0.03678078789937444,1453,0.020357553170622357,0.005405405405405406,0.03383704642925141,1464,0.020511670916580266,0.9621621621621622,0.8992024787343359,67327,0.9432986801916664,0.0,0.0
14,sst_by_omega,sst_295_299,strong_ascent,373,97617,261.70777479892763,153.0,1.0,1334.0,298.1253262717018,298.3725891113281,298.1885612017348,-0.1113146876104961,-0.10104963574253145,-0.08638732141288293,270.83251887980055,275.55757369394377,275.36448579435375,-1.6860972888987442,-1.6720101833343506,-2.1524399757385253,-1.910370945930481,-1.4095405340194702,-1.24859402179718,-1.7931013024204858,-1.7945218086242676,3.467874855668827e-05,3.355290391482413e-05,0.0002557107719335107,0.00022942695068195462,-17.5,17.5,-177.5,177.5,clear_sky,within_sample_fractions,97617,0.029490616621983913,0.06971586727253627,6605,0.06766239486974605,0.005361930294906166,0.05785816796552724,5301,0.054304065890162574,0.005361930294906166,0.04379789155609878,3952,0.04048475163137568,0.9597855227882037,0.8286280732058376,81759,0.8375487876087157,0.0,0.0
15,sst_by_omega,sst_295_299,strong_subsidence,374,184984,494.6096256684492,264.5,1.0,2129.0,298.13848270654745,298.38847562629,298.19977487982277,0.10149953995775014,0.09846304869487314,0.0890715624738664,276.44907577397845,279.33136504498276,280.22186927999405,-1.4958312519362824,-1.4806687235832214,-1.9206112980842591,-1.7122405171394348,-1.251883864402771,-1.077662205696106,-1.5680766971682243,-1.5707553625106812,3.3644625763649684e-05,3.2831581847858615e-05,0.00021307644601133909,0.00019185776909580454,-17.5,17.5,-177.5,177.5,clear_sky,within_sample_fractions,184984,0.0106951871657754,0.035014661890743176,5100,0.027569951995848288,0.00267379679144385,0.0396146617009071,5157,0.027878086753448945,0.0,0.033424843732573456,4704,0.025429226311464777,0.9866310160427807,0.8919458326757761,170023,0.919122734939238,2.220446049250313e-16,0.0
16,sst_by_omega,sst_295_299,weak_ascent,368,108423,294.6277173913044,164.0,1.0,1428.0,298.12179724290564,298.35963820060795,298.190348169078,-0.028229154168313418,-0.028316067488110372,-0.027523171984205914,277.099658942789,279.64832072884326,280.4431943271471,-1.5729103485203308,-1.5654357075691223,-2.00434992313385,-1.7811835706233978,-1.3340328335762024,-1.1654748439788818,-1.6766436668517797,-1.6902412176132202,3.441677937812331e-05,3.346687662997283e-05,0.00022867020297583267,0.00021077701967442408,-17.5,17.5,-177.5,177.5,clear_sky,within_sample_fractions,108423,0.008152173913043478,0.027382220613759615,2079,0.01917489831493318,0.002717391304347826,0.0325456508574164,2657,0.024505870525626482,0.005434782608695652,0.03155717251625204,2569,0.02369423461811608,0.9836956521739131,0.9085149560125719,101118,0.9326249965413242,0.0,0.0
17,sst_by_omega,sst_295_299,weak_subsidence,376,144197,383.5026595744681,185.0,1.0,1959.0,298.14363740882413,298.39950287997067,298.20755711007627,0.02955660502988898,0.02952800150750611,0.029348657482571188,277.935400655049,279.9020355489755,281.1164797722025,-1.5385328066792894,-1.532193660736084,-1.9972737431526184,-1.7216635644435883,-1.2897100448608398,-1.125548541545868,-1.628618723693046,-1.6513378024101257,3.4166927185709785e-05,3.340341572766192e-05,0.0002201889027809499,0.00020162534929113463,-17.5,17.5,-177.5,177.5,clear_sky,within_sample_fractions,144197,0.007978723404255319,0.024730387636638592,2096,0.01453566995152465,0.007978723404255319,0.03477741077209589,2853,0.0197854324292461,0.005319148936170213,0.03168748879111645,2915,0.02021539976559845,0.9787234042553191,0.908804712800149,136333,0.9454634978536308,1.1102230246251565e-16,0.0
18,sst_by_omega,sst_299_300,neutral,420,48839,116.28333333333333,104.5,1.0,454.0,299.5700214491654,299.53792282204313,299.58444915044873,9.881614646550486e-05,0.00013354265265368137,0.0001722564835404228,274.961248510346,277.54905420303345,278.9603781563895,-1.5829400895606904,-1.5633392333984375,-2.0061308622360228,-1.8135766088962555,-1.358847975730896,-1.1824519515037537,-1.692328162136532,-1.7057850360870361,3.825140047410969e-05,3.7226045606075786e-05,0.00027039138094984256,0.00023929504823172465,-17.5,17.5,-177.5,177.5,clear_sky,within_sample_fractions,48839,0.01904761904761905,0.042345360664510175,1359,0.027826122565982103,0.007142857142857143,0.045373776405171935,1780,0.03644628268392064,0.007142857142857143,0.04589972344034958,1621,0.033190687770019864,0.9666666666666667,0.8663811394899683,44079,0.9025369069800774,0.0,0.0
19,sst_by_omega,sst_299_300,strong_ascent,433,75361,174.04387990762126,152.0,1.0,858.0,299.58073973696173,299.5553437192997,299.59811908818835,-0.13029592106634988,-0.11551204756119826,-0.09237065114614319,265.5479210568291,269.61615394143496,271.3215648395635,-1.7210285789559123,-1.7501455545425415,-2.1215442180633546,-1.9359500408172607,-1.5131893157958984,-1.3182002544403075,-1.831173554716705,-1.8763763904571533,3.9432281701178685e-05,3.794470467255451e-05,0.0003089124795358481,0.00028761220164597034,-17.5,17.5,-177.5,177.5,clear_sky,within_sample_fractions,75361,0.07621247113163972,0.11408004770552227,7604,0.10090099653667016,0.004618937644341801,0.07319532427552206,5811,0.07710884940486458,0.0023094688221709007,0.05469732761137616,4132,0.05482942105332997,0.9168591224018475,0.7580273004075795,57814,0.7671607330051353,0.0,0.0
20,sst_by_omega,sst_299_300,strong_subsidence,441,136186,308.81179138321994,293.0,1.0,1235.0,299.5772940679459,299.53887220779785,299.59270672787346,0.10244337840773575,0.09991620978967629,0.09004092624499685,271.62963352628634,275.201907523644,276.39858887687564,-1.586956511177714,-1.5385749340057373,-2.0341527462005615,-1.7956691980361938,-1.3521031141281128,-1.176199197769165,-1.6953098598588892,-1.6840752363204956,3.875133059867404e-05,3.769892282434739e-05,0.0002813974391005652,0.00024216974270530045,-17.5,17.5,-177.5,177.5,clear_sky,within_sample_fractions,136186,0.027210884353741496,0.06305585427032404,5910,0.0433965312146623,0.018140589569160998,0.06512993351840418,6558,0.04815472956104152,0.0022675736961451248,0.047471422090330034,5545,0.04071637319548265,0.9523809523809523,0.8243427901209417,118173,0.8677323660288135,0.0,0.0
21,sst_by_omega,sst_299_300,weak_ascent,427,76311,178.71428571428572,157.0,1.0,626.0,299.57378133760005,299.54142132076606,299.5895448635557,-0.02858370155558255,-0.02849508739733776,-0.027937638454479483,274.4560518680766,276.8789176172858,278.90400386694165,-1.60727703032592,-1.5905168056488037,-2.0491660118103026,-1.8156256675720215,-1.3672377467155457,-1.230638861656189,-1.7236683940170312,-1.7242002487182617,3.8228426588527734e-05,3.7352358049247414e-05,0.0002704415487674058,0.00024698683409951627,-17.5,17.5,-177.5,177.5,clear_sky,within_sample_fractions,76311,0.01639344262295082,0.0467858361763215,2361,0.030939183079765696,0.0117096018735363,0.05508481464751263,3175,0.04160605941476327,0.00468384074941452,0.041730111921998485,2695,0.03531600948749197,0.9672131147540983,0.8563992372541674,68080,0.8921387480179791,0.0,0.0
22,sst_by_omega,sst_299_300,weak_subsidence,426,98812,231.95305164319248,210.5,1.0,872.0,299.57108168900606,299.54298623149407,299.5884445978442,0.029453947580099876,0.029558968348296036,0.02935316263995365,275.77190822054223,278.2347765015976,280.12181825593046,-1.5330288196813333,-1.5049422979354858,-1.9457369446754456,-1.7625395953655243,-1.312041461467743,-1.1551086902618408,-1.647959461374462,-1.633539617061615,3.804586126940202e-05,3.723848749359604e-05,0.00025253155825834804,0.00022877966694068164,-17.5,17.5,-177.5,177.5,clear_sky,within_sample_fractions,98812,0.01643192488262911,0.04040498540934909,2584,0.02615066995911428,0.0,0.04397216958445904,3452,0.03493502813423471,0.002347417840375587,0.03976189348184247,3155,0.03192932032546654,0.9812206572769953,0.8758609515243495,89621,0.9069849815811845,0.0,0.0
23,sst_by_omega,sst_300_301,neutral,464,65135,140.37715517241378,133.0,1.0,471.0,300.5390673698338,300.51792240740303,300.5453046272541,7.976809968962877e-05,0.00012600449406590368,0.00013837258453388643,269.23248994318004,271.9879078182237,274.88109041082447,-1.6805250638260925,-1.6505963206291199,-2.082745361328125,-1.8723962903022766,-1.4776731729507446,-1.2868751764297486,-1.8101230099283416,-1.813857614994049,4.225244151908116e-05,4.154685666435398e-05,0.0003216665675075813,0.0002988188643939793,-17.5,17.5,-177.5,177.5,clear_sky,within_sample_fractions,65135,0.03017241379310345,0.07955534503070519,3830,0.05880095186919475,0.0,0.06959431409842881,4042,0.06205573040607968,0.004310344827586207,0.051728455925217416,3169,0.048652798034850696,0.9655172413793104,0.7991218849456486,54094,0.8304905196898749,0.0,0.0
24,sst_by_omega,sst_300_301,strong_ascent,469,122480,261.1513859275053,234.0,1.0,909.0,300.5544331002429,300.53329153783915,300.5687881502261,-0.17142179639661143,-0.15360465793009476,-0.09981137217838627,254.38077892974803,257.11680378477377,261.4553998609596,-1.8392023820358554,-1.8575361967086792,-2.1739485263824463,-2.0264317989349365,-1.6725244522094727,-1.4808300495147706,-1.959795397227761,-1.9910054206848145,4.516211567712309e-05,4.488600461627357e-05,0.0003969580598628776,0.0003890303778462112,-17.5,17.5,-177.5,177.5,clear_sky,within_sample_fractions,122480,0.14285714285714285,0.19875640274781203,24309,0.1984732201175702,0.0021321961620469083,0.10413359116722785,13908,0.1135532331809275,0.0,0.0661167589921648,8784,0.07171783148269105,0.8550106609808102,0.6309932470927953,75479,0.6162557152188113,0.0,0.0
25,sst_by_omega,sst_300_301,strong_subsidence,472,195517,414.23093220338984,396.5,1.0,1311.0,300.5423424618193,300.51793113167025,300.5522072032347,0.1052179701247206,0.10326414845625118,0.09075750420817126,264.9465577243723,268.62667831383146,271.6201162499897,-1.669927084913193,-1.6590560674667358,-2.086862397193909,-1.8835894763469696,-1.4502320289611816,-1.2960721135139464,-1.7939127412766724,-1.7977935671806335,4.3140902053599314e-05,4.2685152948251925e-05,0.0003339614858636566,0.0003089067176915705,-17.5,17.5,-177.5,177.5,clear_sky,within_sample_fractions,195517,0.05508474576271186,0.11064388433242797,17805,0.0910662499936067,0.006355932203389831,0.08160274165075165,15054,0.07699586225238726,0.0,0.05747135691591784,11222,0.0573965435230696,0.9385593220338984,0.7502820171009025,151436,0.7745413442309365,0.0,0.0
26,sst_by_omega,sst_300_301,weak_ascent,467,101810,218.00856531049251,200.0,1.0,679.0,300.5354498474361,300.50917790053916,300.543541526386,-0.02858714453281223,-0.02848643783796975,-0.027979809395984868,267.60447931360113,271.13610363570893,273.68187943975215,-1.721203558194816,-1.6954176425933838,-2.07751669883728,-1.9085474014282227,-1.516655683517456,-1.355859398841858,-1.8435150956380035,-1.8462449312210083,4.2329134725524574e-05,4.174390051048249e-05,0.0003335506557307467,0.0003116170992143452,-17.5,17.5,-177.5,177.5,clear_sky,within_sample_fractions,101810,0.03640256959314775,0.08571712567379482,6817,0.0669580591297515,0.0,0.07580877119854232,7016,0.06891268048325312,0.006423982869379015,0.05993142367800509,5313,0.05218544347313624,0.9571734475374732,0.7785426794496578,82664,0.8119438169138592,0.0,0.0
27,sst_by_omega,sst_300_301,weak_subsidence,466,131099,281.32832618025753,266.0,1.0,878.0,300.53273594424206,300.51261265943947,300.5403568120473,0.02969982924702452,0.02954646658530473,0.02953708608726703,269.5122432943038,272.770782547683,275.5672356765158,-1.6584952037477698,-1.6257965564727783,-2.0522841215133667,-1.8521283566951752,-1.4434657990932465,-1.2987474203109741,-1.7863304611183544,-1.7864668369293213,4.197731204410863e-05,4.152656765654683e-05,0.0003166502157262179,0.000289026036625728,-17.5,17.5,-177.5,177.5,clear_sky,within_sample_fractions,131099,0.02575107296137339,0.07922424155586286,7590,0.05789517845292489,0.002145922746781116,0.0658413073547986,7855,0.059916551613666005,0.002145922746781116,0.05408352849146109,6295,0.04801714734666168,0.9699570815450643,0.8008509225978775,109359,0.8341711225867474,0.0,0.0
28,sst_by_omega,sst_301_302,neutral,461,71511,155.12147505422993,151.0,1.0,450.0,301.4874357947067,301.4882299544963,301.48337463908496,0.0001270893566801776,0.00016844528832499,0.00025766366996646717,260.20533691014685,262.33277832834347,267.6113998181391,-1.7908845767540424,-1.78703773021698,-2.130894184112549,-1.965376853942871,-1.6320406198501587,-1.4449793100357056,-1.9118029145511783,-1.9254406690597534,4.680267899863345e-05,4.6920784370740876e-05,0.0003962321859948441,0.0003878144489135593,-17.5,17.5,-177.5,177.5,clear_sky,within_sample_fractions,71511,0.049891540130151846,0.14024310682329608,9680,0.1353637901861252,0.0,0.0964395699156656,6883,0.09625092643089875,0.0,0.06498320229631938,4789,0.06696871809931339,0.9501084598698482,0.698334120964719,50159,0.7014165652836627,0.0,0.0
29,sst_by_omega,sst_301_302,strong_ascent,464,190194,409.9008620689655,383.0,1.0,1217.0,301.5022975884822,301.5129951499945,301.5061772774006,-0.21362844851210588,-0.21180647875730485,-0.12132079003715952,240.526457355513,239.10097352578464,246.40555292984536,-1.9830308836595765,-2.0121904611587524,-2.2174229860305785,-2.1296844482421875,-1.8543611764907837,-1.6824434757232667,-2.0886501341030517,-2.121474027633667,5.208931813270063e-05,5.216777753958013e-05,0.0005130420809580066,0.0005230082897469401,-17.5,17.5,-177.5,177.5,clear_sky,within_sample_fractions,190194,0.36853448275862066,0.3108798143623157,68319,0.35920691504463864,0.0021551724137931034,0.12892463597335832,26414,0.13887924960829467,0.0,0.06955371504380588,14003,0.07362482517850195,0.6293103448275862,0.49064183462052013,81458,0.42828901016856474,0.0,0.0
30,sst_by_omega,sst_301_302,strong_subsidence,464,239669,516.5280172413793,508.5,1.0,1403.0,301.4928860516434,301.50789556597283,301.49361544641954,0.11066384994566687,0.1099801294441064,0.09381730925163319,255.09276809077278,255.12982822545354,262.68501993705485,-1.8131854114090573,-1.8098523616790771,-2.151510500907898,-2.003664255142212,-1.6482361853122711,-1.4695220470428467,-1.9378596739522342,-1.9492900967597961,4.860476192804746e-05,4.846310548600741e-05,0.00042100923721967584,0.0004193649656372145,-17.5,17.5,-177.5,177.5,clear_sky,within_sample_fractions,239669,0.07543103448275862,0.1801389246517081,45380,0.1893444709161385,0.0,0.10647664502753956,26992,0.11262199116281205,0.0021551724137931034,0.07222818392515495,17388,0.07255005862251689,0.9224137931034483,0.6411562463955974,149909,0.6254834792985325,0.0,0.0
31,sst_by_omega,sst_301_302,weak_ascent,463,114985,248.3477321814255,237.0,1.0,801.0,301.4845397588791,301.4963383615753,301.48070659596254,-0.02867808488587455,-0.02864365054306407,-0.027956513663830306,258.98979556765573,259.76960557230404,266.1477573139364,-1.830975602821449,-1.8409732580184937,-2.1461111545562743,-2.0112481117248535,-1.6709733605384827,-1.509247398376465,-1.9523315491480653,-1.9656788110733032,4.7038656809155023e-05,4.705811443272978e-05,0.00040937395123390234,0.00040419126162305474,-17.5,17.5,-177.5,177.5,clear_sky,within_sample_fractions,114985,0.056155507559395246,0.1499993884003282,17210,0.1496716963082141,0.0,0.10089924264191887,11765,0.10231769361221028,0.0021598272138228943,0.06715394253927927,7877,0.06850458755489847,0.9416846652267818,0.6819474264184735,78133,0.6795060225246772,2.220446049250313e-16,0.0
32,sst_by_omega,sst_301_302,weak_subsidence,462,144767,313.3484848484849,302.0,1.0,904.0,301.4859411940064,301.4982074027955,301.48364541850566,0.029788063795439895,0.029703161450838213,0.02961381828992978,261.5687785275188,262.37497346819686,269.03062414194085,-1.7723721336750757,-1.7844017148017883,-2.102281928062439,-1.952391117811203,-1.6136543154716492,-1.417413067817688,-1.897356947005053,-1.910582184791565,4.649952146500849e-05,4.6260867748060264e-05,0.00038853848130623376,0.00038434121233876795,-17.5,17.5,-177.5,177.5,clear_sky,within_sample_fractions,144767,0.04112554112554113,0.13069953189031477,18801,0.12987075783845767,0.0,0.09170847246365858,13538,0.09351578743774479,0.0021645021645021645,0.06516713678793076,9499,0.06561578260238866,0.9567099567099567,0.7124248588580959,102929,0.7109976721214089,0.0,0.0
33,sst_by_omega,sst_302_303,neutral,428,57346,133.98598130841123,103.0,1.0,477.0,302.3945285182972,302.4063213254011,302.3711944651381,-3.084493328906838e-05,8.33152711610621e-05,-8.083916257458645e-05,253.59139127277163,253.87458942189778,260.7614395462464,-1.9224218860721198,-1.939440369606018,-2.202608823776245,-2.0852453112602234,-1.7732050120830536,-1.6442479252815245,-1.9988923410702253,-2.0209619998931885,5.1009333840050194e-05,5.096663699077908e-05,0.00047145825986169435,0.0004652242350857705,-17.5,17.5,-177.5,177.5,clear_sky,within_sample_fractions,57346,0.07476635514018691,0.17919723294997802,12166,0.21215080389216337,0.007009345794392523,0.1125878732334591,7178,0.1251700205768493,0.007009345794392523,0.07714099505806846,4554,0.07941268789453493,0.9112149532710281,0.6310738987584943,33448,0.5832664876364524,1.1102230246251565e-16,0.0
34,sst_by_omega,sst_302_303,strong_ascent,437,207082,473.87185354691076,324.0,1.0,1802.0,302.3961467290868,302.4082600996942,302.37333742050066,-0.23244047669738732,-0.23802898934453118,-0.1327901642079075,233.09316854098242,230.05621601985052,237.72610063356447,-2.055872052157771,-2.1034348011016846,-2.2598662853240965,-2.1879045963287354,-1.9826428890228271,-1.8472627162933348,-2.13317238466145,-2.1775729656219482,5.718593504833957e-05,5.8050001825904474e-05,0.000588209250541212,0.0006093767588026822,-17.5,17.5,-177.5,177.5,deep_convective,within_sample_fractions,207082,0.5194508009153318,0.37029405895385875,96893,0.46789677519050427,0.011441647597254004,0.14000222078533167,30904,0.14923556851875103,0.002288329519450801,0.07364342339549425,15255,0.07366647028713263,0.4668192219679634,0.4160602968653153,64030,0.30920118600361207,0.0,0.0
35,sst_by_omega,sst_302_303,strong_subsidence,438,220880,504.2922374429224,369.5,1.0,1693.0,302.3938961720694,302.4076781008847,302.37132831033506,0.11581859707067525,0.1150439066836679,0.09808465714255969,248.4485649898968,247.17836975586033,255.84127340795786,-1.9192839820091039,-1.9464105367660522,-2.1820088624954224,-2.074344754219055,-1.8199025392532349,-1.6464569449424744,-2.0095183510486394,-2.0396242141723633,5.280423703140709e-05,5.293978756526485e-05,0.0004915644434873003,0.0004954200703650713,-17.5,17.5,-177.5,177.5,clear_sky,within_sample_fractions,220880,0.1324200913242009,0.22642691627831693,61810,0.2798352046360014,0.0,0.120879711273512,31145,0.14100416515755163,0.00228310502283105,0.07676877364469172,18056,0.0817457442955451,0.865296803652968,0.5759245988034793,109869,0.4974148859109018,0.0,0.0
36,sst_by_omega,sst_302_303,weak_ascent,435,95151,218.73793103448276,165.0,1.0,823.0,302.3880161884163,302.4121718519316,302.3660788700498,-0.028712707243777346,-0.028865954117669214,-0.028189921719503814,252.16740566035324,251.59796250034387,259.244550735649,-1.940883809191057,-1.9551620483398438,-2.2136460304260255,-2.083200454711914,-1.8072479367256165,-1.6581803560256958,-2.0226864779817646,-2.0417752265930176,5.1699327386082044e-05,5.165434049558826e-05,0.00048337275839421427,0.0004742093151435256,-17.5,17.5,-177.5,177.5,clear_sky,within_sample_fractions,95151,0.0896551724137931,0.19179047457179174,21921,0.23038118359239523,0.013793103448275862,0.12331915108392011,12543,0.13182205126588264,0.006896551724137931,0.08037564846593762,7591,0.07977845739929165,0.8896551724137931,0.6045147258783504,53096,0.5580183077424304,1.1102230246251565e-16,0.0
37,sst_by_omega,sst_302_303,weak_subsidence,436,117190,268.7844036697248,207.0,1.0,970.0,302.38746793531453,302.4033202555387,302.3652600629614,0.02982926905901989,0.029804824097832364,0.029822287531014225,254.08424395025273,253.55509681646134,261.50572855538184,-1.9081162968223249,-1.9248566627502441,-2.1876509189605713,-2.0604540705680847,-1.7757555842399597,-1.6175541877746582,-1.991718169677695,-2.012091279029846,5.1003579447342836e-05,5.0755472329910845e-05,0.000467562056038424,0.00046314783685375005,-17.5,17.5,-177.5,177.5,clear_sky,within_sample_fractions,117190,0.05963302752293578,0.17601818403248237,24416,0.20834542196433142,0.009174311926605505,0.11523697312135285,14764,0.12598344568649203,0.0045871559633027525,0.07487115611515985,9304,0.0793924396279546,0.926605504587156,0.633873686731005,68706,0.5862786927212219,0.0,0.0
38,sst_by_omega,sst_303_305,neutral,324,19153,59.114197530864196,39.5,1.0,369.0,303.3183295798276,303.30245172409786,303.2716253775138,0.0004083972922840174,0.00019588331378596563,0.00041924538801037985,253.44938092670947,253.64419028872535,259.85165803226425,-1.9235763166007804,-1.9823487401008606,-2.2597110509872436,-2.121088683605194,-1.7943691611289978,-1.5305704832077027,-1.9902834557456734,-2.0357842445373535,5.450267585336316e-05,5.4436555728898384e-05,0.0004985636904694045,0.0004967368440702558,-17.5,17.5,-177.5,177.5,clear_sky,within_sample_fractions,19153,0.08950617283950617,0.17199410118391992,3830,0.1999686733148854,0.024691358024691357,0.1258101340002442,2530,0.13209418889991123,0.021604938271604937,0.08699734289257972,1605,0.08379888268156424,0.8641975308641975,0.6151984219232562,11188,0.5841382551036391,0.0,0.0
39,sst_by_omega,sst_303_305,strong_ascent,344,71905,209.02616279069767,104.0,1.0,1528.0,303.3002002930311,303.27839165796803,303.2525676904723,-0.23471139575418984,-0.23541864056278639,-0.14662918204788206,233.6938038667988,230.29054624982012,238.59391562883243,-2.0767808789495636,-2.1175800561904907,-2.275240588188171,-2.1969841718673706,-1.9745243191719055,-1.7942093014717102,-2.145651844427596,-2.1740247011184692,6.08908751896812e-05,6.0843463870696723e-05,0.0006315310208667016,0.0006537232547998428,-17.5,17.5,-177.5,177.5,deep_convective,within_sample_fractions,71905,0.5232558139534884,0.3569787407526179,31346,0.4359363048466727,0.029069767441860465,0.14476047167393685,11082,0.1541200194701342,0.00872093023255814,0.07775253747379812,5693,0.0791739100201655,0.438953488372093,0.4205082500996472,23784,0.3307697656630276,0.0,0.0
40,sst_by_omega,sst_303_305,strong_subsidence,353,77503,219.55524079320114,126.0,1.0,1524.0,303.29914122452254,303.2799389648437,303.2528269392235,0.11818659770921774,0.11533865367905458,0.10343040089537166,248.17545403667145,247.52054595947266,254.860306045489,-1.9491955703150787,-1.9863282442092896,-2.2072739601135254,-2.105807304382324,-1.8183555603027344,-1.606378149986267,-2.0080181474430705,-2.0384671688079834,5.6746200601781045e-05,5.6207936722785234e-05,0.0005282600459627208,0.0005399786168709397,-17.5,17.5,-177.5,177.5,clear_sky,within_sample_fractions,77503,0.11898016997167139,0.219025356060952,19931,0.25716423880365924,0.0169971671388102,0.1317677947157252,11148,0.14383959330606558,0.0084985835694051,0.07894670342899375,6781,0.08749338735274764,0.8555240793201133,0.570260145794329,39643,0.5115027805375276,0.0,0.0
41,sst_by_omega,sst_303_305,weak_ascent,337,31728,94.14836795252225,56.0,1.0,597.0,303.30586180081025,303.2930388479522,303.2620584731286,-0.029250885814496773,-0.029017455140618903,-0.0288728578361608,252.2615952749764,251.68769233814183,258.82146621387153,-1.9855635592421015,-2.0220448970794678,-2.299125003814697,-2.153125286102295,-1.835519790649414,-1.5337982892990112,-2.046430482885604,-2.084177255630493,5.470736009731698e-05,5.4373515013139695e-05,0.0005284890176511427,0.0005256650038063526,-17.5,17.5,-177.5,177.5,clear_sky,within_sample_fractions,31728,0.10089020771513353,0.1834404699231537,6886,0.21703227433182049,0.011869436201780416,0.11790564962869783,4344,0.13691376701966718,0.01483679525222552,0.08695072870123911,2606,0.08213565305093293,0.8724035608308606,0.6117031517469094,17892,0.5639183055975794,0.0,0.0
42,sst_by_omega,sst_303_305,weak_subsidence,339,39097,115.33038348082596,75.0,1.0,781.0,303.30880060499805,303.2845376224841,303.2614391855786,0.02950783695763624,0.02977731547346621,0.029463518251579772,254.53209703852596,253.5985683186849,260.9772808783877,-1.919986460022738,-1.950685739517212,-2.1984917640686037,-2.093119740486145,-1.80522882938385,-1.5354896545410157,-1.9807296368543466,-2.017615556716919,5.4323882594118085e-05,5.390485603129491e-05,0.000492690846065209,0.0005031794426031411,-17.5,17.5,-177.5,177.5,clear_sky,within_sample_fractions,39097,0.058997050147492625,0.16320272370785058,7672,0.19622988976136277,0.008849557522123894,0.11994167109589567,5010,0.12814282425761567,0.017699115044247787,0.08134926622652575,3172,0.0811315446197918,0.9144542772861357,0.6355063389697281,23243,0.5944957413612297,0.0,0.0
43,sst_by_omega,sst_305_307,neutral,11,83,7.545454545454546,2.0,1.0,27.0,305.31621649919225,305.328369140625,305.2966045032848,0.0015925939528926478,0.0007710123900324106,0.0018141013246019031,272.9665636029524,277.0253207866962,275.4432518698952,-1.939829100262035,-1.9951496124267578,-2.4131979942321777,-2.161478042602539,-1.6250807642936707,-1.5265295505523682,-2.009912371635437,-1.9951496124267578,5.951897268956104e-05,6.595261220354587e-05,0.0005244044613474133,0.0004888992407359183,-12.5,17.5,37.5,137.5,clear_sky,within_sample_fractions,83,0.0,0.018227143227143226,4,0.04819277108433735,0.09090909090909091,0.05568505568505568,4,0.04819277108433735,0.09090909090909091,0.115999740999741,7,0.08433734939759036,0.8181818181818182,0.8100880600880601,68,0.8192771084337349,0.0,0.0
44,sst_by_omega,sst_305_307,strong_ascent,13,238,18.307692307692307,3.0,1.0,85.0,305.2549116889455,305.18243408203125,305.21624873234674,-0.1334174909920694,-0.1072739294984124,-0.09627314399068172,250.61972803767247,261.8810729980469,253.03627248910757,-1.9328947892555823,-1.8118422031402588,-2.4459572792053224,-2.3657541275024414,-1.6028226613998413,-1.3258341312408446,-2.0195592641830444,-1.8501405715942383,6.093134344644988e-05,5.535181480809115e-05,0.0005561211784459794,0.00041037946357391775,-17.5,17.5,37.5,142.5,clear_sky,within_sample_fractions,238,0.3076923076923077,0.3165165675135765,24,0.10084033613445378,0.0,0.017055244522841732,15,0.06302521008403361,0.0,0.04269627016386737,16,0.06722689075630252,0.6923076923076923,0.6237319177997145,183,0.7689075630252101,0.0,0.0
45,sst_by_omega,sst_305_307,strong_subsidence,17,357,21.0,4.0,1.0,159.0,305.27629806481417,305.1465810139974,305.2555757410386,0.12895750042636553,0.1290086843073368,0.12156947943217614,265.98658910748384,272.7301330566406,267.6342948464786,-1.758170674828922,-1.7725101709365845,-2.385473299026489,-1.974253535270691,-1.4670082330703735,-1.2139861345291139,-1.8195238323772656,-1.7725101709365845,6.21825570038602e-05,6.395121454261243e-05,0.0004895438974284951,0.0003419269050937146,-17.5,17.5,37.5,142.5,clear_sky,within_sample_fractions,357,0.058823529411764705,0.09234993758332459,18,0.05042016806722689,0.058823529411764705,0.0901299677458015,21,0.058823529411764705,0.11764705882352941,0.10417311490102286,28,0.0784313725490196,0.7647058823529411,0.7133469797698511,290,0.8123249299719888,0.0,0.0
46,sst_by_omega,sst_305_307,weak_ascent,11,140,12.727272727272727,4.0,1.0,46.0,305.28759143770134,305.2291717529297,305.24984602494675,-0.03181770563690588,-0.03120857725540797,-0.031916408841921526,261.53510612365943,274.0758580525716,262.63365173339844,-1.848183187571439,-1.727993369102478,-2.1867659091949463,-2.1602771282196045,-1.4305137991905212,-1.2880417108535767,-1.9013163176449863,-1.9229354858398438,5.4298511052117895e-05,5.626928395940922e-05,0.00042664196172898465,0.00045779801439493895,-17.5,17.5,37.5,142.5,clear_sky,within_sample_fractions,140,0.18181818181818182,0.16701693499148432,9,0.06428571428571428,0.18181818181818182,0.14055721584883835,4,0.02857142857142857,0.0,0.05199556541019956,7,0.05,0.6363636363636364,0.6404302837494777,120,0.8571428571428571,0.0,0.0
47,sst_by_omega,sst_305_307,weak_subsidence,15,150,10.0,2.0,1.0,56.0,305.24327638330107,305.2314987182617,305.2229797363281,0.02743025048012037,0.0283088069409132,0.027335476192335287,277.6392181800595,283.0546417236328,280.6203165690104,-1.5024065275986989,-1.5418574810028076,-2.333415412902832,-2.120981454849243,-1.2597287893295288,-0.6388312518596653,-1.5363507529099782,-1.646986484527588,5.339704124101748e-05,4.970190275344066e-05,0.0003450649112589114,0.00025462021585553885,-17.5,17.5,37.5,142.5,clear_sky,within_sample_fractions,150,0.06666666666666667,0.10596876023705293,11,0.07333333333333333,0.0,0.024094523362816044,7,0.04666666666666667,0.0,0.00675422138836773,3,0.02,0.9333333333333333,0.8631824950117634,129,0.86,0.0,0.0
