group_id,group_type,sst_bin,omega_bin,n_samples,n_raw_profiles_total,mean_profiles_per_sample,median_profiles_per_sample,min_profiles_per_sample,max_profiles_per_sample,mean_sst,mean_omega,mean_olr,dominant_olr_bin_mode,olr_fraction_source,n_olr_total,frac_olr_deep_convective,frac_olr_convective_high_cloud,frac_olr_transition,frac_olr_clear_sky
0,sst_only,sst_287_295,ALL,476,99790,209.64285714285714,43.5,1.0,2121.0,294.08290357939154,0.0027475263591868774,275.083594627777,clear_sky,within_sample_fractions,99790,0.022367297790651046,0.022594005435866208,0.023707200768520516,0.9313314960049622
1,sst_only,sst_295_299,ALL,1861,606595,325.951101558302,162.0,1.0,2129.0,298.1322184463059,-0.0014795762335313475,275.8834856210142,clear_sky,within_sample_fractions,606595,0.037421423505501226,0.04033260484464629,0.03486552797241852,0.887380443677434
2,sst_only,sst_299_300,ALL,2147,435509,202.84536562645553,164.0,1.0,1235.0,299.574635039306,-0.005056804870756276,272.438849383635,clear_sky,within_sample_fractions,435509,0.06156470409896148,0.05669595821171726,0.045949719728209826,0.8357896179611115
3,sst_only,sst_300_301,ALL,2338,616041,263.49059024807525,219.5,1.0,1311.0,300.5408263705581,-0.012920018939519483,265.11857703686417,clear_sky,within_sample_fractions,616041,0.1109079301294146,0.07944040010064629,0.057882011597771024,0.7517696581721681
4,sst_only,sst_301_302,ALL,2314,761126,328.92221261884185,272.5,1.0,1403.0,301.4906308774287,-0.020411777601583764,255.26319444692848,clear_sky,within_sample_fractions,761126,0.1825054743780138,0.10491378553887518,0.06782348745545003,0.6447572526276609
5,sst_only,sst_302_303,ALL,2174,697649,320.9057037718491,198.0,1.0,1802.0,302.392007319028,-0.023158054633192583,248.2487826160507,clear_sky,within_sample_fractions,697649,0.22900767869007424,0.12244758268966134,0.07655495672214896,0.5719897818981154
6,sst_only,sst_303_305,ALL,1697,239386,141.06423099587508,70.0,1.0,1528.0,303.30628365874526,-0.022830242908800324,248.32807408904245,clear_sky,within_sample_fractions,239386,0.2197925091296823,0.1281488200547697,0.08231113442647435,0.5697475363890737
7,sst_only,sst_305_307,ALL,67,968,14.447761194029852,3.0,1.0,159.0,305.2731634643803,0.008012353030283165,266.02888237329233,clear_sky,within_sample_fractions,968,0.1389832922470703,0.06379120101180064,0.06380979338481384,0.7334157133563153
8,sst_by_omega,sst_287_295,neutral,89,11505,129.26966292134833,34.0,1.0,534.0,294.05428775135624,0.0006844012366481838,276.82752543383475,clear_sky,within_sample_fractions,11505,0.011096149248327709,0.01434183331481846,0.019866768440420318,0.9546952489964334
9,sst_by_omega,sst_287_295,strong_ascent,91,13921,152.97802197802199,41.0,1.0,756.0,294.04922361284775,-0.09761228558471148,271.4839023473772,clear_sky,within_sample_fractions,13921,0.04627985431538441,0.025659209130625086,0.02665717427172121,0.9014037622822693
10,sst_by_omega,sst_287_295,strong_subsidence,103,33005,320.43689320388347,55.0,1.0,2121.0,294.1198328895549,0.09650548855166804,273.8123111464542,clear_sky,within_sample_fractions,33005,0.024656783545599328,0.03283403300546235,0.022829290091299057,0.9196798933576393
11,sst_by_omega,sst_287_295,weak_ascent,95,16995,178.89473684210526,45.0,1.0,794.0,294.0776737059494,-0.028154257134447132,275.70549693312216,clear_sky,within_sample_fractions,16995,0.01979971309842651,0.022862336329404855,0.02289939876258284,0.9344385518095858
12,sst_by_omega,sst_287_295,weak_subsidence,98,24364,248.6122448979592,56.5,1.0,1286.0,294.1064219945016,0.02922671359255793,277.575672539468,clear_sky,within_sample_fractions,24364,0.01048151298981125,0.016219469803168445,0.02616145463308729,0.9471375625739328
13,sst_by_omega,sst_295_299,neutral,370,71374,192.9027027027027,92.5,1.0,986.0,298.1315952591205,0.00021920109896140865,277.1089127617003,clear_sky,within_sample_fractions,71374,0.030179686937038257,0.03678078789937444,0.03383704642925141,0.8992024787343359
14,sst_by_omega,sst_295_299,strong_ascent,373,97617,261.70777479892763,153.0,1.0,1334.0,298.1253262717018,-0.1113146876104961,270.83251887980055,clear_sky,within_sample_fractions,97617,0.06971586727253627,0.05785816796552724,0.04379789155609878,0.8286280732058376
15,sst_by_omega,sst_295_299,strong_subsidence,374,184984,494.6096256684492,264.5,1.0,2129.0,298.13848270654745,0.10149953995775014,276.44907577397845,clear_sky,within_sample_fractions,184984,0.035014661890743176,0.0396146617009071,0.033424843732573456,0.8919458326757761
16,sst_by_omega,sst_295_299,weak_ascent,368,108423,294.6277173913044,164.0,1.0,1428.0,298.12179724290564,-0.028229154168313418,277.099658942789,clear_sky,within_sample_fractions,108423,0.027382220613759615,0.0325456508574164,0.03155717251625204,0.9085149560125719
17,sst_by_omega,sst_295_299,weak_subsidence,376,144197,383.5026595744681,185.0,1.0,1959.0,298.14363740882413,0.02955660502988898,277.935400655049,clear_sky,within_sample_fractions,144197,0.024730387636638592,0.03477741077209589,0.03168748879111645,0.908804712800149
18,sst_by_omega,sst_299_300,neutral,420,48839,116.28333333333333,104.5,1.0,454.0,299.5700214491654,9.881614646550486e-05,274.961248510346,clear_sky,within_sample_fractions,48839,0.042345360664510175,0.045373776405171935,0.04589972344034958,0.8663811394899683
19,sst_by_omega,sst_299_300,strong_ascent,433,75361,174.04387990762126,152.0,1.0,858.0,299.58073973696173,-0.13029592106634988,265.5479210568291,clear_sky,within_sample_fractions,75361,0.11408004770552227,0.07319532427552206,0.05469732761137616,0.7580273004075795
20,sst_by_omega,sst_299_300,strong_subsidence,441,136186,308.81179138321994,293.0,1.0,1235.0,299.5772940679459,0.10244337840773575,271.62963352628634,clear_sky,within_sample_fractions,136186,0.06305585427032404,0.06512993351840418,0.047471422090330034,0.8243427901209417
21,sst_by_omega,sst_299_300,weak_ascent,427,76311,178.71428571428572,157.0,1.0,626.0,299.57378133760005,-0.02858370155558255,274.4560518680766,clear_sky,within_sample_fractions,76311,0.0467858361763215,0.05508481464751263,0.041730111921998485,0.8563992372541674
22,sst_by_omega,sst_299_300,weak_subsidence,426,98812,231.95305164319248,210.5,1.0,872.0,299.57108168900606,0.029453947580099876,275.77190822054223,clear_sky,within_sample_fractions,98812,0.04040498540934909,0.04397216958445904,0.03976189348184247,0.8758609515243495
23,sst_by_omega,sst_300_301,neutral,464,65135,140.37715517241378,133.0,1.0,471.0,300.5390673698338,7.976809968962877e-05,269.23248994318004,clear_sky,within_sample_fractions,65135,0.07955534503070519,0.06959431409842881,0.051728455925217416,0.7991218849456486
24,sst_by_omega,sst_300_301,strong_ascent,469,122480,261.1513859275053,234.0,1.0,909.0,300.5544331002429,-0.17142179639661143,254.38077892974803,clear_sky,within_sample_fractions,122480,0.19875640274781203,0.10413359116722785,0.0661167589921648,0.6309932470927953
25,sst_by_omega,sst_300_301,strong_subsidence,472,195517,414.23093220338984,396.5,1.0,1311.0,300.5423424618193,0.1052179701247206,264.9465577243723,clear_sky,within_sample_fractions,195517,0.11064388433242797,0.08160274165075165,0.05747135691591784,0.7502820171009025
26,sst_by_omega,sst_300_301,weak_ascent,467,101810,218.00856531049251,200.0,1.0,679.0,300.5354498474361,-0.02858714453281223,267.60447931360113,clear_sky,within_sample_fractions,101810,0.08571712567379482,0.07580877119854232,0.05993142367800509,0.7785426794496578
27,sst_by_omega,sst_300_301,weak_subsidence,466,131099,281.32832618025753,266.0,1.0,878.0,300.53273594424206,0.02969982924702452,269.5122432943038,clear_sky,within_sample_fractions,131099,0.07922424155586286,0.0658413073547986,0.05408352849146109,0.8008509225978775
28,sst_by_omega,sst_301_302,neutral,461,71511,155.12147505422993,151.0,1.0,450.0,301.4874357947067,0.0001270893566801776,260.20533691014685,clear_sky,within_sample_fractions,71511,0.14024310682329608,0.0964395699156656,0.06498320229631938,0.698334120964719
29,sst_by_omega,sst_301_302,strong_ascent,464,190194,409.9008620689655,383.0,1.0,1217.0,301.5022975884822,-0.21362844851210588,240.526457355513,clear_sky,within_sample_fractions,190194,0.3108798143623157,0.12892463597335832,0.06955371504380588,0.49064183462052013
30,sst_by_omega,sst_301_302,strong_subsidence,464,239669,516.5280172413793,508.5,1.0,1403.0,301.4928860516434,0.11066384994566687,255.09276809077278,clear_sky,within_sample_fractions,239669,0.1801389246517081,0.10647664502753956,0.07222818392515495,0.6411562463955974
31,sst_by_omega,sst_301_302,weak_ascent,463,114985,248.3477321814255,237.0,1.0,801.0,301.4845397588791,-0.02867808488587455,258.98979556765573,clear_sky,within_sample_fractions,114985,0.1499993884003282,0.10089924264191887,0.06715394253927927,0.6819474264184735
32,sst_by_omega,sst_301_302,weak_subsidence,462,144767,313.3484848484849,302.0,1.0,904.0,301.4859411940064,0.029788063795439895,261.5687785275188,clear_sky,within_sample_fractions,144767,0.13069953189031477,0.09170847246365858,0.06516713678793076,0.7124248588580959
33,sst_by_omega,sst_302_303,neutral,428,57346,133.98598130841123,103.0,1.0,477.0,302.3945285182972,-3.084493328906838e-05,253.59139127277163,clear_sky,within_sample_fractions,57346,0.17919723294997802,0.1125878732334591,0.07714099505806846,0.6310738987584943
34,sst_by_omega,sst_302_303,strong_ascent,437,207082,473.87185354691076,324.0,1.0,1802.0,302.3961467290868,-0.23244047669738732,233.09316854098242,deep_convective,within_sample_fractions,207082,0.37029405895385875,0.14000222078533167,0.07364342339549425,0.4160602968653153
35,sst_by_omega,sst_302_303,strong_subsidence,438,220880,504.2922374429224,369.5,1.0,1693.0,302.3938961720694,0.11581859707067525,248.4485649898968,clear_sky,within_sample_fractions,220880,0.22642691627831693,0.120879711273512,0.07676877364469172,0.5759245988034793
36,sst_by_omega,sst_302_303,weak_ascent,435,95151,218.73793103448276,165.0,1.0,823.0,302.3880161884163,-0.028712707243777346,252.16740566035324,clear_sky,within_sample_fractions,95151,0.19179047457179174,0.12331915108392011,0.08037564846593762,0.6045147258783504
37,sst_by_omega,sst_302_303,weak_subsidence,436,117190,268.7844036697248,207.0,1.0,970.0,302.38746793531453,0.02982926905901989,254.08424395025273,clear_sky,within_sample_fractions,117190,0.17601818403248237,0.11523697312135285,0.07487115611515985,0.633873686731005
38,sst_by_omega,sst_303_305,neutral,324,19153,59.114197530864196,39.5,1.0,369.0,303.3183295798276,0.0004083972922840174,253.44938092670947,clear_sky,within_sample_fractions,19153,0.17199410118391992,0.1258101340002442,0.08699734289257972,0.6151984219232562
39,sst_by_omega,sst_303_305,strong_ascent,344,71905,209.02616279069767,104.0,1.0,1528.0,303.3002002930311,-0.23471139575418984,233.6938038667988,deep_convective,within_sample_fractions,71905,0.3569787407526179,0.14476047167393685,0.07775253747379812,0.4205082500996472
40,sst_by_omega,sst_303_305,strong_subsidence,353,77503,219.55524079320114,126.0,1.0,1524.0,303.29914122452254,0.11818659770921774,248.17545403667145,clear_sky,within_sample_fractions,77503,0.219025356060952,0.1317677947157252,0.07894670342899375,0.570260145794329
41,sst_by_omega,sst_303_305,weak_ascent,337,31728,94.14836795252225,56.0,1.0,597.0,303.30586180081025,-0.029250885814496773,252.2615952749764,clear_sky,within_sample_fractions,31728,0.1834404699231537,0.11790564962869783,0.08695072870123911,0.6117031517469094
42,sst_by_omega,sst_303_305,weak_subsidence,339,39097,115.33038348082596,75.0,1.0,781.0,303.30880060499805,0.02950783695763624,254.53209703852596,clear_sky,within_sample_fractions,39097,0.16320272370785058,0.11994167109589567,0.08134926622652575,0.6355063389697281
43,sst_by_omega,sst_305_307,neutral,11,83,7.545454545454546,2.0,1.0,27.0,305.31621649919225,0.0015925939528926478,272.9665636029524,clear_sky,within_sample_fractions,83,0.018227143227143226,0.05568505568505568,0.115999740999741,0.8100880600880601
44,sst_by_omega,sst_305_307,strong_ascent,13,238,18.307692307692307,3.0,1.0,85.0,305.2549116889455,-0.1334174909920694,250.61972803767247,clear_sky,within_sample_fractions,238,0.3165165675135765,0.017055244522841732,0.04269627016386737,0.6237319177997145
45,sst_by_omega,sst_305_307,strong_subsidence,17,357,21.0,4.0,1.0,159.0,305.27629806481417,0.12895750042636553,265.98658910748384,clear_sky,within_sample_fractions,357,0.09234993758332459,0.0901299677458015,0.10417311490102286,0.7133469797698511
46,sst_by_omega,sst_305_307,weak_ascent,11,140,12.727272727272727,4.0,1.0,46.0,305.28759143770134,-0.03181770563690588,261.53510612365943,clear_sky,within_sample_fractions,140,0.16701693499148432,0.14055721584883835,0.05199556541019956,0.6404302837494777
47,sst_by_omega,sst_305_307,weak_subsidence,15,150,10.0,2.0,1.0,56.0,305.24327638330107,0.02743025048012037,277.6392181800595,clear_sky,within_sample_fractions,150,0.10596876023705293,0.024094523362816044,0.00675422138836773,0.8631824950117634
